sample,group,tmin,tmax
HC621a2,HC,33.805646,33.938388
HC583a1,HC,8.165474,8.25605
HC838i2,HC,5.315994,5.479209
,,10.970649,11.167698
,,12.809736,13.139751
,,14.64301,14.853016
,,16.872161,17.156844
HC583a2,HC,10.1971,10.340243
HC838i1,HC,15.672568,15.801522
HC568i2,HC,6.569824,6.761036
,,12.875334,13.16505
,,16.306745,16.428426
,,22.822288,23.114901
,,23.873955,24.450488
,,24.964643,25.471645
HC568i1,HC,5.355799,5.711841
,,7.930913,8.062185
,,9.696588,9.860703
,,16.403798,16.649199
,,22.82772,23.033326
,,23.392452,23.783767
,,24.161816,25.113573
HC853a1,HC,11.195019,11.295098
HC592i1,HC,2.13106,2.498115
,,4.527563,4.714051
,,6.073851,6.254419
,,11.170727,11.413457
,,17.366615,17.609345
,,19.558358,19.85733
,,22.621675,22.885126
,,23.778548,24.213685
,,24.474176,24.935955
,,25.332612,25.616783
,,25.879039,26.222413
HC853a2,HC,10.899076,11.048449
HC592i2,HC,1.895587,2.139548
,,24.671271,24.772889
HC836a2,HC,0.376865,0.510926
,,2.619359,5.498379
,,5.588903,7.998221
,,8.362474,10.370445
,,10.956911,11.46303
HC845i2,HC,23.987062,24.698481
HC809a1,HC,17.315616,18.744323
HC834a1,HC,16.502535,16.67828
,,17.262638,17.364381
HC513i1,HC,8.636208,8.829761
HC861i1,HC,10.151161,10.426646
HC838a2,HC,7.630843,7.768354
,,20.598256,20.735478
,,22.053372,22.175569
,,22.669808,22.765154
HC583i2,HC,15.978078,16.129285
HC808i2,HC,19.786948,20.306437
,,22.177929,22.686295
,,23.865803,24.959756
HC568a2,HC,9.129442,9.462312
,,9.693873,10.698522
,,12.948241,13.558571
,,14.042696,15.708318
HC808i1,HC,26.514154,26.696041
HC568a1,HC,13.537538,13.790991
HC853i1,HC,7.844387,7.995109
,,9.431157,10.072941
,,11.142153,11.341523
,,11.918875,12.495121
HC592a1,HC,8.293552,8.383198
HC804a2,HC,10.479681,10.584828
HC853i2,HC,3.945096,4.141764
,,5.290634,5.415308
,,11.000518,11.137484
,,12.304481,12.634603
,,13.874276,14.044605
,,17.345834,17.533723
,,17.869113,18.1448
,,18.656341,19.156792
,,19.739848,19.996219
,,20.357051,20.522112
,,20.888515,21.27834
HC592a2,HC,23.543852,23.982652
,,24.114473,24.603835
HC836i2,HC,1.794503,2.293676
,,3.666401,4.009583
,,4.527146,6.346534
,,8.003595,9.083273
,,9.906415,10.30147
HC513a1,HC,8.677883,8.923884
HC836i1,HC,1.170798,2.339909
,,10.11536,10.403686
,,13.697915,15.211284
RBD134a2,RBD,13.562994,13.713764
,,13.96041,14.534427
RBD134a1,RBD,8.378675,8.477776
,,10.400687,10.499654
,,12.360363,12.708979
RBD223i1,RBD,24.871016,24.948333
RBD114a1,RBD,5.121825,5.339247
,,17.45263,17.631748
RBD188a1,RBD,6.252629,6.36749
,,8.628212,9.022461
RBD114a2,RBD,6.008964,6.177952
,,8.416883,8.548284
,,12.18247,12.276332
,,13.979773,14.147817
,,16.77565,17.020372
,,17.802206,17.933668
,,19.608827,19.778249
,,20.523644,20.711104
RBD188a2,RBD,12.272033,12.423148
RBD219i2,RBD,4.922095,5.022734
,,10.480578,10.684474
RBD219i1,RBD,12.522652,12.621436
RBD135a2,RBD,22.815425,23.27337
,,23.742908,24.517743
RBD111a2,RBD,13.64499,13.8391
RBD204i1,RBD,8.290672,8.487698
RBD121i1,RBD,32.699134,32.943322
RBD204i2,RBD,6.863041,7.028505
,,7.762925,8.092112
RBD121i2,RBD,30.37075,30.484464
RBD134i2,RBD,10.143426,11.017149
RBD157i1,RBD,18.439986,18.606079
RBD134i1,RBD,9.467733,9.644012
,,12.280933,12.681844
RBD114i1,RBD,9.747385,9.897774
,,10.154208,10.435281
,,19.783618,19.897373
,,24.129716,24.242417
RBD223a1,RBD,9.096008,9.273027
,,10.579023,10.653515
,,12.323301,12.510247
,,13.737533,13.862288
,,14.298029,14.480902
RBD114i2,RBD,19.793569,20.000689
RBD223a2,RBD,16.511146,16.711727
RBD219a1,RBD,7.330494,7.471091
RBD204a1,RBD,2.953929,3.041216
RBD121a2,RBD,37.176358,37.341928
RBD204a2,RBD,13.709456,13.823163
,,16.065298,16.164784
PN609i1,PN,21.353511,21.540821
,,23.483575,23.557916
,,24.037057,24.225488
PN647a1,PN,9.499415,10.301373
PN624a2,PN,7.286841,7.437157
PN634i1,PN,10.195349,10.335278
PN655i1,PN,9.849048,10.007455
,,10.17738,11.184508
,,20.130448,20.966735
,,23.647761,27.32988
PN645a2,PN,14.835637,15.337012
,,15.418631,16.211502
PN609i2,PN,11.598278,11.673907
,,17.198035,17.291229
PN624a1,PN,6.257287,6.403367
PN647a2,PN,5.160172,5.622821
,,8.682901,8.816593
,,10.321948,15.356738
PN655i2,PN,7.314996,7.376664
,,8.057235,8.2763
,,10.838448,10.920598
,,11.326782,11.671354
,,16.604116,17.058221
,,19.757171,20.129126
,,21.640486,22.003314
,,23.011877,24.353654
,,24.932722,25.238501
,,27.948121,28.297257
,,28.8111,29.098017
PN645a1,PN,14.135369,15.587572
PN576i1,PN,8.717692,8.871762
,,10.90001,11.258471
,,11.774,12.408543
,,13.019711,13.543605
,,14.335301,15.141708
PN515i2,PN,15.913441,16.133614
PN552i1,PN,13.139517,13.246568
PN648i1,PN,15.22099,15.488716
,,16.322613,16.4899
,,16.59389,16.825981
,,17.054846,18.172244
,,18.237752,19.737077
PN618a1,PN,14.264757,14.431998
,,17.310309,17.871807
,,23.79151,23.959824
,,24.652856,24.802294
,,25.415426,25.491194
,,26.778005,26.872124
,,27.489436,27.583294
,,29.913916,30.272689
,,31.081274,31.435388
,,32.934799,33.122029
PN601a1,PN,6.033378,6.328476
,,9.763542,9.845921
,,16.245823,16.300462
PN646a1,PN,14.394046,14.572072
PN561a2,PN,9.355136,9.408335
PN526a1,PN,12.461251,12.723591
,,13.252132,14.238769
PN573i2,PN,0.737214,0.797611
PN504a2,PN,17.617777,18.071971
,,18.270813,18.519795
PN548i1,PN,10.149731,10.266692
PN649i1,PN,20.154776,20.270519
PN594a1,PN,8.783666,8.932598
,,17.371049,17.694461
PN655a1,PN,1.834521,2.039514
,,2.565257,2.64083
,,2.715266,2.922665
,,5.164846,5.56036
,,6.669953,6.744715
,,9.1136,9.20042
,,9.5887,9.993861
,,10.762072,11.140705
,,13.650785,13.891952
,,14.806876,14.896108
,,15.952421,16.104357
,,16.40007,16.515671
,,18.390388,18.505989
,,19.260603,19.604194
,,20.451536,20.852927
,,26.417315,26.748061
,,28.117488,28.342316
,,28.480278,28.679558
,,29.194854,29.285513
,,29.613896,29.700525
,,30.24246,30.53458
PN634a1,PN,2.964609,3.156757
,,3.427148,3.662931
,,5.846931,6.083127
,,21.728391,21.876962
PN624i2,PN,12.638346,12.923655
PN609a1,PN,17.537495,17.612804
PN645i1,PN,9.482085,9.82695
PN594a2,PN,15.78748,16.096642
PN655a2,PN,12.126468,12.217206
,,13.042556,13.275504
,,16.082743,17.419852
,,19.226766,19.699319
,,23.988395,24.25152
,,25.169776,26.313568
PN634a2,PN,4.859969,5.592427
,,8.976194,9.958262
,,12.411451,15.662665
,,16.915145,21.608766
PN647i2,PN,5.170815,5.259781
,,5.900336,5.972877
PN609a2,PN,8.871218,8.927281
PN648a1,PN,1.856539,1.937556
,,4.690368,4.872545
,,6.225962,6.756362
,,6.890071,8.33182
,,8.642191,11.005955
,,11.256409,11.51204
,,11.789924,11.881999
,,12.807833,12.971855
,,14.425999,14.626471
,,15.115104,15.303581
,,15.811184,16.091758
,,16.47891,16.748775
,,17.226393,17.389169
,,17.784992,18.572418
PN651a1,PN,6.377675,7.309583
PN618i1,PN,17.096595,17.417179
,,25.424584,25.684398
PN646i1,PN,15.6569,15.882188
PN561i2,PN,12.68265,12.89349
PN506i1,PN,17.584765,17.721371
,,19.259842,19.486742
,,19.917505,19.977144
,,20.092596,20.432321
PN543i1,PN,14.682002,14.869564
PN548a1,PN,4.164789,4.224029
PN649a1,PN,24.027367,24.163712
PN575a1,PN,2.215475,2.445784
,,3.956405,4.244081
,,5.161687,5.305185
,,5.920523,6.234272
,,6.999129,7.679048
,,7.767876,7.83768
,,8.078037,8.418456
,,8.537902,8.944015
,,9.149623,15.42492
PN530a1,PN,10.491333,10.891192
PN548a2,PN,13.955454,14.24968
,,16.031488,17.039854
PN652a1,PN,3.496054,3.719027
,,9.526073,9.96926
,,12.89213,13.492993
,,15.456774,16.132572
PN530a2,PN,9.093934,9.848729
PN575a2,PN,11.473922,11.552534
,,13.711163,14.096968
,,14.678582,17.983897
PN558i1,PN,17.668869,17.743354
PN504i1,PN,8.578442,8.6959
MSA17a2,MSA,2.276927,2.774309
MSA52a2,MSA,10.768234,10.921937
MSA74a1,MSA,0.34666,1.108937
,,2.03458,2.446844
,,2.586865,2.834566
,,2.92123,2.970364
,,3.327044,3.501748
MSA21a,MSA,1.190718,8.557006
MSA64i2,MSA,6.184539,7.19146
MSA21i2,MSA,3.703534,3.976229
,,4.342894,6.243219
,,6.554181,7.026383
MSA42i1,MSA,14.334014,14.681635
,,18.827289,19.089683
MSA50a1,MSA,1.463478,1.674253
,,2.663229,2.851772
,,3.949315,4.366961
,,4.834377,4.974998
,,5.507648,5.746089
,,10.67798,10.866144
,,12.052907,12.281414
,,13.227274,13.526775
,,16.166614,16.400153
,,17.767706,18.275378
MSA74a2,MSA,0.162209,2.71467
,,2.912706,5.259797
MSA52a1,MSA,12.892022,12.949844
MSA64i1,MSA,11.625206,12.011117
,,13.154508,13.463
,,17.203671,17.903178
,,18.301114,18.934793
MSA17a,MSA,11.231349,11.287547
,,11.723236,12.776691
MSA50a2,MSA,12.264327,12.454268
,,13.974821,14.38857
,,15.24689,15.386731
,,15.543523,15.810492
,,16.619875,16.857181
,,17.111437,17.276704
,,17.408069,17.586049
MSA72a1,MSA,4.300002,4.779728
,,6.060141,6.34465
,,6.662321,7.872235
,,8.697947,9.907817
MSA37a1,MSA,4.768957,5.249847
,,6.625068,7.207696
,,7.402474,7.819369
MSA14i,MSA,17.850721,17.982346
,,18.863411,18.999176
,,19.647853,19.752789
,,21.138973,21.342352
MSA60i1,MSA,0.225918,0.301199
,,16.126369,16.610564
MSA37a2,MSA,8.062153,8.258419
,,10.228307,10.386161
,,10.729012,11.519947
MSA72a2,MSA,1.710311,1.845942
,,10.950482,11.160174
MSA18i,MSA,7.966203,8.089298
MSA56a2,MSA,3.689888,3.899683
,,4.081318,4.184104
MSA34i,MSA,1.886227,2.304712
,,5.782033,5.92413
,,6.2911,6.633236
MSA60i2,MSA,1.234736,1.373484
,,7.489971,7.684941
,,17.506751,17.614326
,,18.106557,18.293083
,,18.518994,18.924616
,,19.478753,19.680084
MSA25i2,MSA,19.543926,19.723889
,,20.446046,20.628316
,,21.449684,21.588116
MSA14a2,MSA,10.667845,10.874889
,,11.969768,12.5509
,,13.032576,13.320349
,,13.438753,14.247359
,,14.355013,15.084672
MSA25i,MSA,12.742017,12.85644
,,15.59832,15.807369
,,16.101807,17.076299
,,17.338537,17.901865
,,18.470733,18.645559
,,18.94341,19.027585
,,19.846676,19.969702
,,20.933077,21.130565
MSA73a2,MSA,3.680037,3.784839
,,5.144618,5.226357
,,6.929619,7.025043
MSA61i2,MSA,4.259219,4.327899
,,8.949212,9.103384
MSA57a2,MSA,19.419599,19.790306
,,20.499078,21.029737
,,21.376107,21.481139
,,22.042731,22.850462
MSA55a2,MSA,5.144037,6.251194
MSA10a2,MSA,3.041332,3.228952
,,5.33343,5.562936
,,5.87294,5.934385
,,6.973864,7.217802
,,7.751551,8.199331
,,9.033128,9.496349
MSA73a1,MSA,4.712804,4.818174
,,12.548371,12.664536
MSA10a,MSA,0.625381,1.358765
,,8.980439,9.147814
,,10.321442,10.44838
,,10.665474,11.105478
MSA61i1,MSA,6.286065,6.546504
,,7.088936,7.299428
,,9.10071,9.450717
,,10.546532,11.089534
MSA34a2,MSA,5.250925,5.41883
MSA57a1,MSA,24.614735,24.916266
,,25.342076,25.570261
,,26.18506,26.291004
,,26.635875,26.829425
,,28.143017,28.645215
,,28.849598,29.532821
,,29.725525,30.326995
,,30.480451,30.782918
,,30.959513,31.40074
,,31.563297,32.074191
MSA50i1,MSA,2.318527,2.945808
,,3.121753,3.668712
,,3.756684,3.913504
,,5.786124,6.015617
,,6.727046,7.021562
,,7.557046,7.89746
,,8.175574,8.531288
,,11.035896,11.42221
,,11.99228,12.577487
MSA21a2,MSA,0.46502,9.956806
MSA64a2,MSA,7.844331,8.034989
,,10.532115,10.991793
MSA17i2,MSA,7.035102,14.064471
MSA50i2,MSA,1.754559,2.109486
,,2.380901,2.756706
,,2.854137,3.285617
,,3.814527,4.232088
,,4.899902,5.006036
,,5.876958,6.256561
MSA64a1,MSA,14.349726,14.789942
MSA42a2,MSA,10.639212,10.766361
MSA25a,MSA,35.428073,35.530637
MSA60a1,MSA,3.924954,4.014266
,,4.348858,4.497057
,,4.761701,4.865707
,,9.06152,9.157173
MSA56i1,MSA,6.284399,6.340994
MSA25a2,MSA,6.100432,6.26065
,,7.465188,7.559752
,,11.339742,11.396028
,,16.313252,16.462361
,,18.239775,18.441677
,,19.170829,19.619527
,,20.178332,20.660304
,,21.944623,22.146638
,,22.889656,23.474305
,,24.05817,24.316504
,,25.928909,26.07847
,,26.608734,27.043822
,,27.625142,28.214323
,,28.617686,29.202336
,,29.587716,30.07719
,,30.657307,30.843126
MSA60a2,MSA,0.642051,0.725185
,,2.656905,2.773627
,,5.171876,5.280084
,,7.50197,7.641574
MSA14i2,MSA,19.354625,19.562728
MSA58a1,MSA,9.027816,9.290369
,,14.673561,14.988569
MSA21i,MSA,4.531674,9.338455
MSA65a1,MSA,2.578513,3.112604
,,7.590968,7.70475
MSA17i,MSA,0.981179,11.385314
MSA58a2,MSA,14.843087,15.103871
MSA57i2,MSA,15.950955,16.388073
,,18.668505,19.064385
,,19.526244,19.868515
,,21.352287,21.756415
,,22.28013,22.568793
,,22.934963,30.40874
MSA14a,MSA,9.169976,9.281866
,,10.39247,11.900515
,,12.550457,13.579098
,,14.711497,17.702899
MSA55i1,MSA,3.429185,3.915506
,,6.304853,6.726662
,,8.109907,8.274396
MSA73i2,MSA,6.529249,6.692857
,,8.012484,8.145953
,,12.176646,12.256288
,,12.37957,12.502852
,,13.285961,13.350492
,,14.940922,15.014929
MSA57i1,MSA,15.630935,15.87003
,,20.921692,21.338401
,,21.783512,26.640561
,,26.844712,27.288746
,,27.650101,27.741128
,,28.101027,28.422014
,,28.664836,28.73878
MSA73i1,MSA,4.106437,4.22432
,,7.033247,7.126481
,,10.220114,10.289934
,,10.402783,10.472603
,,11.616576,11.73105
,,11.804103,11.86134
,,12.61027,12.673676
,,13.600488,13.698355
